sku,name,category,price,expected
2300001015002,デニム ¥1490,デニム,1490,
2300001020006,デニム ¥1980,デニム,1980,
2300001030005,デニム ¥2980,デニム,2980,
2300001035000,デニム ¥3490,デニム,3490,
2300001040004,デニム ¥3980,デニム,3980,
2300001045009,デニム ¥4490,デニム,4490,
2300001050003,デニム ¥4980,デニム,4980,
2300001055008,デニム ¥5490,デニム,5490,
2300001060002,デニム ¥5980,デニム,5980,
2300001070001,デニム ¥6980,デニム,6980,
2300001080000,デニム ¥7980,デニム,7980,
2300001090009,デニム ¥8980,デニム,8980,
2300001100005,デニム ¥9980,デニム,9980,
2300001120003,デニム ¥11980,デニム,11980,
2300001140001,デニム ¥13980,デニム,13980,
2300001160009,デニム ¥15980,デニム,15980,
2300001180007,デニム ¥17980,デニム,17980,
2300001200002,デニム ¥19980,デニム,19980,
2300001250007,デニム ¥24980,デニム,24980,
2300024009804,チノ/スラックス ¥990,チノ/スラックス,990,
2300024014907,チノ/スラックス ¥1490,チノ/スラックス,1490,
2300024019803,チノ/スラックス ¥1980,チノ/スラックス,1980,
2300024029802,チノ/スラックス ¥2980,チノ/スラックス,2980,
2300024034905,チノ/スラックス ¥3490,チノ/スラックス,3490,
2300024039801,チノ/スラックス ¥3980,チノ/スラックス,3980,
2300024045000,チノ/スラックス ¥4490,チノ/スラックス,4490,
2300024049800,チノ/スラックス ¥4980,チノ/スラックス,4980,
2300024055009,チノ/スラックス ¥5490,チノ/スラックス,5490,
2300024059809,チノ/スラックス ¥5980,チノ/スラックス,5980,
2300024070002,チノ/スラックス ¥6980,チノ/スラックス,6980,
2300024080001,チノ/スラックス ¥7980,チノ/スラックス,7980,
2300024090000,チノ/スラックス ¥8980,チノ/スラックス,8980,
2300024100006,チノ/スラックス ¥9980,チノ/スラックス,9980,
2300002005002,Tシャツ ¥500,Tシャツ,500,
2300002010006,Tシャツ ¥990,Tシャツ,990,
2300002015001,Tシャツ ¥1490,Tシャツ,1490,
2300002020005,Tシャツ ¥1980,Tシャツ,1980,
2300002025000,Tシャツ ¥2490,Tシャツ,2490,
2300002030004,Tシャツ ¥2980,Tシャツ,2980,
2300002035009,Tシャツ ¥3490,Tシャツ,3490,
2300002040003,Tシャツ ¥3980,Tシャツ,3980,
2300002045008,Tシャツ ¥4490,Tシャツ,4490,
2300002050002,Tシャツ ¥4980,Tシャツ,4980,
2300002060001,Tシャツ ¥5980,Tシャツ,5980,
2300002070000,Tシャツ ¥6980,Tシャツ,6980,
2300002080009,Tシャツ ¥7980,Tシャツ,7980,
2300002090008,Tシャツ ¥8980,Tシャツ,8980,
2300002100004,Tシャツ ¥9980,Tシャツ,9980,
2300002120002,Tシャツ ¥11980,Tシャツ,11980,
2300002140000,Tシャツ ¥13980,Tシャツ,13980,
2300002160008,Tシャツ ¥15980,Tシャツ,15980,
2300002180006,Tシャツ ¥17980,Tシャツ,17980,
2300002200001,Tシャツ ¥19980,Tシャツ,19980,
2300002250006,Tシャツ ¥24980,Tシャツ,24980,
2300002300008,Tシャツ ¥29980,Tシャツ,29980,
2300002350003,Tシャツ ¥34980,Tシャツ,34980,
2300002400005,Tシャツ ¥39980,Tシャツ,39980,
2300018010007,ポロシャツ ¥990,ポロシャツ,990,
2300018015002,ポロシャツ ¥1490,ポロシャツ,1490,
2300018020006,ポロシャツ ¥1980,ポロシャツ,1980,
2300018025001,ポロシャツ ¥2490,ポロシャツ,2490,
2300018030005,ポロシャツ ¥2980,ポロシャツ,2980,
2300018035000,ポロシャツ ¥3490,ポロシャツ,3490,
2300018040004,ポロシャツ ¥3980,ポロシャツ,3980,
2300018045009,ポロシャツ ¥4490,ポロシャツ,4490,
2300018050003,ポロシャツ ¥4980,ポロシャツ,4980,
2300018060002,ポロシャツ ¥5980,ポロシャツ,5980,
2300018070001,ポロシャツ ¥6980,ポロシャツ,6980,
2300018080000,ポロシャツ ¥7980,ポロシャツ,7980,
2300018090009,ポロシャツ ¥8980,ポロシャツ,8980,
2300018100005,ポロシャツ ¥9980,ポロシャツ,9980,
2300003010005,半袖シャツ ¥990,半袖シャツ,990,
2300003015000,半袖シャツ ¥1490,半袖シャツ,1490,
2300003020004,半袖シャツ ¥1980,半袖シャツ,1980,
2300003025009,半袖シャツ ¥2490,半袖シャツ,2490,
2300003030003,半袖シャツ ¥2980,半袖シャツ,2980,
2300003035008,半袖シャツ ¥3490,半袖シャツ,3490,
2300003040002,半袖シャツ ¥3980,半袖シャツ,3980,
2300003045007,半袖シャツ ¥4490,半袖シャツ,4490,
2300003050001,半袖シャツ ¥4980,半袖シャツ,4980,
2300003060000,半袖シャツ ¥5980,半袖シャツ,5980,
2300003070009,半袖シャツ ¥6980,半袖シャツ,6980,
2300003080008,半袖シャツ ¥7980,半袖シャツ,7980,
2300003090007,半袖シャツ ¥8980,半袖シャツ,8980,
2300003100003,半袖シャツ ¥9980,半袖シャツ,9980,
2300003120001,半袖シャツ ¥11980,半袖シャツ,11980,
2300003140009,半袖シャツ ¥13980,半袖シャツ,13980,
2300003160007,半袖シャツ ¥15980,半袖シャツ,15980,
2300017010008,長袖シャツ ¥990,長袖シャツ,990,
2300017015003,長袖シャツ ¥1490,長袖シャツ,1490,
2300017020007,長袖シャツ ¥1980,長袖シャツ,1980,
2300017025002,長袖シャツ ¥2490,長袖シャツ,2490,
2300017030006,長袖シャツ ¥2980,長袖シャツ,2980,
2300017035001,長袖シャツ ¥3490,長袖シャツ,3490,
2300017040005,長袖シャツ ¥3980,長袖シャツ,3980,
2300017045000,長袖シャツ ¥4490,長袖シャツ,4490,
2300017050004,長袖シャツ ¥4980,長袖シャツ,4980,
2300017060003,長袖シャツ ¥5980,長袖シャツ,5980,
2300017070002,長袖シャツ ¥6980,長袖シャツ,6980,
2300017080001,長袖シャツ ¥7980,長袖シャツ,7980,
2300017090000,長袖シャツ ¥8980,長袖シャツ,8980,
2300017100006,長袖シャツ ¥9980,長袖シャツ,9980,
2300017120004,長袖シャツ ¥11980,長袖シャツ,11980,
2300017140002,長袖シャツ ¥13980,長袖シャツ,13980,
2300017160000,長袖シャツ ¥15980,長袖シャツ,15980,
2300004005000,スウェット/パーカー ¥500,スウェット/パーカー,500,
2300004010004,スウェット/パーカー ¥990,スウェット/パーカー,990,
2300004015009,スウェット/パーカー ¥1490,スウェット/パーカー,1490,
2300004020003,スウェット/パーカー ¥1980,スウェット/パーカー,1980,
2300004025008,スウェット/パーカー ¥2490,スウェット/パーカー,2490,
2300004030002,スウェット/パーカー ¥2980,スウェット/パーカー,2980,
2300004035007,スウェット/パーカー ¥3490,スウェット/パーカー,3490,
2300004040001,スウェット/パーカー ¥3980,スウェット/パーカー,3980,
2300004045006,スウェット/パーカー ¥4490,スウェット/パーカー,4490,
2300004050000,スウェット/パーカー ¥4980,スウェット/パーカー,4980,
2300004060009,スウェット/パーカー ¥5980,スウェット/パーカー,5980,
2300004070008,スウェット/パーカー ¥6980,スウェット/パーカー,6980,
2300004080007,スウェット/パーカー ¥7980,スウェット/パーカー,7980,
2300004090006,スウェット/パーカー ¥8980,スウェット/パーカー,8980,
2300004100002,スウェット/パーカー ¥9980,スウェット/パーカー,9980,
2300004120000,スウェット/パーカー ¥11980,スウェット/パーカー,11980,
2300004140008,スウェット/パーカー ¥13980,スウェット/パーカー,13980,
2300004160006,スウェット/パーカー ¥15980,スウェット/パーカー,15980,
2300004180004,スウェット/パーカー ¥17980,スウェット/パーカー,17980,
2300004200009,スウェット/パーカー ¥19980,スウェット/パーカー,19980,
2300004250004,スウェット/パーカー ¥24980,スウェット/パーカー,24980,
2300004300006,スウェット/パーカー ¥29980,スウェット/パーカー,29980,
2300004350001,スウェット/パーカー ¥34980,スウェット/パーカー,34980,
2300004400003,スウェット/パーカー ¥39980,スウェット/パーカー,39980,
2300005015008,セーター/フリース ¥1490,セーター/フリース,1490,
2300005020002,セーター/フリース ¥1980,セーター/フリース,1980,
2300005030001,セーター/フリース ¥2980,セーター/フリース,2980,
2300005035006,セーター/フリース ¥3490,セーター/フリース,3490,
2300005040000,セーター/フリース ¥3980,セーター/フリース,3980,
2300005045005,セーター/フリース ¥4490,セーター/フリース,4490,
2300005050009,セーター/フリース ¥4980,セーター/フリース,4980,
2300005060008,セーター/フリース ¥5980,セーター/フリース,5980,
2300005070007,セーター/フリース ¥6980,セーター/フリース,6980,
2300005080006,セーター/フリース ¥7980,セーター/フリース,7980,
2300005090005,セーター/フリース ¥8980,セーター/フリース,8980,
2300025014906,ニット ¥1490,ニット,1490,
2300025019802,ニット ¥1980,ニット,1980,
2300025029801,ニット ¥2980,ニット,2980,
2300025034904,ニット ¥3490,ニット,3490,
2300025039800,ニット ¥3980,ニット,3980,
2300025045009,ニット ¥4490,ニット,4490,
2300025049809,ニット ¥4980,ニット,4980,
2300025060002,ニット ¥5980,ニット,5980,
2300025070001,ニット ¥6980,ニット,6980,
2300025080000,ニット ¥7980,ニット,7980,
2300025090009,ニット ¥8980,ニット,8980,
2300006015007,アウター/ジャケット ¥1490,アウター/ジャケット,1490,
2300006020001,アウター/ジャケット ¥1980,アウター/ジャケット,1980,
2300006025006,アウター/ジャケット ¥2490,アウター/ジャケット,2490,
2300006030000,アウター/ジャケット ¥2980,アウター/ジャケット,2980,
2300006035005,アウター/ジャケット ¥3490,アウター/ジャケット,3490,
2300006040009,アウター/ジャケット ¥3980,アウター/ジャケット,3980,
2300006045004,アウター/ジャケット ¥4490,アウター/ジャケット,4490,
2300006050008,アウター/ジャケット ¥4980,アウター/ジャケット,4980,
2300006060007,アウター/ジャケット ¥5980,アウター/ジャケット,5980,
2300006070006,アウター/ジャケット ¥6980,アウター/ジャケット,6980,
2300006080005,アウター/ジャケット ¥7980,アウター/ジャケット,7980,
2300006090004,アウター/ジャケット ¥8980,アウター/ジャケット,8980,
2300006100000,アウター/ジャケット ¥9980,アウター/ジャケット,9980,
2300006120008,アウター/ジャケット ¥11980,アウター/ジャケット,11980,
2300006140006,アウター/ジャケット ¥13980,アウター/ジャケット,13980,
2300006160004,アウター/ジャケット ¥15980,アウター/ジャケット,15980,
2300006180002,アウター/ジャケット ¥17980,アウター/ジャケット,17980,
2300006200007,アウター/ジャケット ¥19980,アウター/ジャケット,19980,
2300006250002,アウター/ジャケット ¥24980,アウター/ジャケット,24980,
2300006300004,アウター/ジャケット ¥29980,アウター/ジャケット,29980,
2300006350009,アウター/ジャケット ¥34980,アウター/ジャケット,34980,
2300006400001,アウター/ジャケット ¥39980,アウター/ジャケット,39980,
2300026014905,ヘビーアウター ¥1490,ヘビーアウター,1490,
2300026019801,ヘビーアウター ¥1980,ヘビーアウター,1980,
2300026024904,ヘビーアウター ¥2490,ヘビーアウター,2490,
2300026029800,ヘビーアウター ¥2980,ヘビーアウター,2980,
2300026034903,ヘビーアウター ¥3490,ヘビーアウター,3490,
2300026039809,ヘビーアウター ¥3980,ヘビーアウター,3980,
2300026045008,ヘビーアウター ¥4490,ヘビーアウター,4490,
2300026049808,ヘビーアウター ¥4980,ヘビーアウター,4980,
2300026059807,ヘビーアウター ¥5980,ヘビーアウター,5980,
2300026070000,ヘビーアウター ¥6980,ヘビーアウター,6980,
2300026080009,ヘビーアウター ¥7980,ヘビーアウター,7980,
2300026090008,ヘビーアウター ¥8980,ヘビーアウター,8980,
2300026100004,ヘビーアウター ¥9980,ヘビーアウター,9980,
2300026120002,ヘビーアウター ¥11980,ヘビーアウター,11980,
2300026140000,ヘビーアウター ¥13980,ヘビーアウター,13980,
2300026160008,ヘビーアウター ¥15980,ヘビーアウター,15980,
2300026180006,ヘビーアウター ¥17980,ヘビーアウター,17980,
2300026200001,ヘビーアウター ¥19980,ヘビーアウター,19980,
2300026250006,ヘビーアウター ¥24980,ヘビーアウター,24980,
2300026300008,ヘビーアウター ¥29980,ヘビーアウター,29980,
2300026350003,ヘビーアウター ¥34980,ヘビーアウター,34980,
2300026400005,ヘビーアウター ¥39980,ヘビーアウター,39980,
2300033005002,雑貨/小物 ¥500,雑貨/小物,500,
2300033010006,雑貨/小物 ¥990,雑貨/小物,990,
2300033015001,雑貨/小物 ¥1490,雑貨/小物,1490,
2300033020005,雑貨/小物 ¥1980,雑貨/小物,1980,
2300033025000,雑貨/小物 ¥2490,雑貨/小物,2490,
2300033030004,雑貨/小物 ¥2980,雑貨/小物,2980,
2300033035009,雑貨/小物 ¥3490,雑貨/小物,3490,
2300033040003,雑貨/小物 ¥3980,雑貨/小物,3980,
2300033050002,雑貨/小物 ¥4980,雑貨/小物,4980,
2300033070000,雑貨/小物 ¥6980,雑貨/小物,6980,
2300033100004,雑貨/小物 ¥9980,雑貨/小物,9980,
2300033140000,雑貨/小物 ¥13980,雑貨/小物,13980,
2300037050008,福袋 ¥5000,福袋,5000,
2300037100000,福袋 ¥10000,福袋,10000,
2300037150005,福袋 ¥15000,福袋,15000,
2300038050007,ミステリーBOX ¥5000,ミステリーBOX,5000,
2300038100009,ミステリーBOX ¥10000,ミステリーBOX,10000,
2300039015005,バンド/ミュージックTシャツ ¥1490,バンド/ミュージックTシャツ,1490,
2300039020009,バンド/ミュージックTシャツ ¥1980,バンド/ミュージックTシャツ,1980,
2300039025004,バンド/ミュージックTシャツ ¥2490,バンド/ミュージックTシャツ,2490,
2300039030008,バンド/ミュージックTシャツ ¥2980,バンド/ミュージックTシャツ,2980,
2300039035003,バンド/ミュージックTシャツ ¥3490,バンド/ミュージックTシャツ,3490,
2300039040007,バンド/ミュージックTシャツ ¥3980,バンド/ミュージックTシャツ,3980,
2300039045002,バンド/ミュージックTシャツ ¥4490,バンド/ミュージックTシャツ,4490,
2300039050006,バンド/ミュージックTシャツ ¥4980,バンド/ミュージックTシャツ,4980,
2300039060005,バンド/ミュージックTシャツ ¥5980,バンド/ミュージックTシャツ,5980,
2300039070004,バンド/ミュージックTシャツ ¥6980,バンド/ミュージックTシャツ,6980,
2300039080003,バンド/ミュージックTシャツ ¥7980,バンド/ミュージックTシャツ,7980,
2300039090002,バンド/ミュージックTシャツ ¥8980,バンド/ミュージックTシャツ,8980,
2300039100008,バンド/ミュージックTシャツ ¥9980,バンド/ミュージックTシャツ,9980,
2300039120006,バンド/ミュージックTシャツ ¥11980,バンド/ミュージックTシャツ,11980,
2300039140004,バンド/ミュージックTシャツ ¥13980,バンド/ミュージックTシャツ,13980,
2300039160002,バンド/ミュージックTシャツ ¥15980,バンド/ミュージックTシャツ,15980,
2300039180000,バンド/ミュージックTシャツ ¥17980,バンド/ミュージックTシャツ,17980,
2300039200005,バンド/ミュージックTシャツ ¥19980,バンド/ミュージックTシャツ,19980,
2300039250000,バンド/ミュージックTシャツ ¥24980,バンド/ミュージックTシャツ,24980,
2300039300002,バンド/ミュージックTシャツ ¥29980,バンド/ミュージックTシャツ,29980,
2300039350007,バンド/ミュージックTシャツ ¥34980,バンド/ミュージックTシャツ,34980,
2300040015001,アニメ/ムービーTシャツ ¥1490,アニメ/ムービーTシャツ,1490,
2300040020005,アニメ/ムービーTシャツ ¥1980,アニメ/ムービーTシャツ,1980,
2300040025000,アニメ/ムービーTシャツ ¥2490,アニメ/ムービーTシャツ,2490,
2300040030004,アニメ/ムービーTシャツ ¥2980,アニメ/ムービーTシャツ,2980,
2300040035009,アニメ/ムービーTシャツ ¥3490,アニメ/ムービーTシャツ,3490,
2300040040003,アニメ/ムービーTシャツ ¥3980,アニメ/ムービーTシャツ,3980,
2300040045008,アニメ/ムービーTシャツ ¥4490,アニメ/ムービーTシャツ,4490,
2300040050002,アニメ/ムービーTシャツ ¥4980,アニメ/ムービーTシャツ,4980,
2300040060001,アニメ/ムービーTシャツ ¥5980,アニメ/ムービーTシャツ,5980,
2300040070000,アニメ/ムービーTシャツ ¥6980,アニメ/ムービーTシャツ,6980,
2300040080009,アニメ/ムービーTシャツ ¥7980,アニメ/ムービーTシャツ,7980,
2300040090008,アニメ/ムービーTシャツ ¥8980,アニメ/ムービーTシャツ,8980,
2300040100004,アニメ/ムービーTシャツ ¥9980,アニメ/ムービーTシャツ,9980,
2300040120002,アニメ/ムービーTシャツ ¥11980,アニメ/ムービーTシャツ,11980,
2300040140000,アニメ/ムービーTシャツ ¥13980,アニメ/ムービーTシャツ,13980,
2300040160008,アニメ/ムービーTシャツ ¥15980,アニメ/ムービーTシャツ,15980,
2300040180006,アニメ/ムービーTシャツ ¥17980,アニメ/ムービーTシャツ,17980,
2300040200001,アニメ/ムービーTシャツ ¥19980,アニメ/ムービーTシャツ,19980,
2300040250006,アニメ/ムービーTシャツ ¥24980,アニメ/ムービーTシャツ,24980,
2300040300008,アニメ/ムービーTシャツ ¥29980,アニメ/ムービーTシャツ,29980,
2300040350003,アニメ/ムービーTシャツ ¥34980,アニメ/ムービーTシャツ,34980,
2300041015000,プリントTシャツ ¥1490,プリントTシャツ,1490,
2300041020004,プリントTシャツ ¥1980,プリントTシャツ,1980,
2300041025009,プリントTシャツ ¥2490,プリントTシャツ,2490,
2300041030003,プリントTシャツ ¥2980,プリントTシャツ,2980,
2300041035008,プリントTシャツ ¥3490,プリントTシャツ,3490,
2300041040002,プリントTシャツ ¥3980,プリントTシャツ,3980,
2300041045007,プリントTシャツ ¥4490,プリントTシャツ,4490,
2300041050001,プリントTシャツ ¥4980,プリントTシャツ,4980,
2300041060000,プリントTシャツ ¥5980,プリントTシャツ,5980,
2300041070009,プリントTシャツ ¥6980,プリントTシャツ,6980,
2300041080008,プリントTシャツ ¥7980,プリントTシャツ,7980,
2300041090007,プリントTシャツ ¥8980,プリントTシャツ,8980,
2300041100003,プリントTシャツ ¥9980,プリントTシャツ,9980,
2300041120001,プリントTシャツ ¥11980,プリントTシャツ,11980,
2300041140009,プリントTシャツ ¥13980,プリントTシャツ,13980,
2300041160007,プリントTシャツ ¥15980,プリントTシャツ,15980,
2300041180005,プリントTシャツ ¥17980,プリントTシャツ,17980,
2300041200000,プリントTシャツ ¥19980,プリントTシャツ,19980,
2300041250005,プリントTシャツ ¥24980,プリントTシャツ,24980,
2300041300007,プリントTシャツ ¥29980,プリントTシャツ,29980,
2300041350002,プリントTシャツ ¥34980,プリントTシャツ,34980,
2300042030002,詰め放題 ¥3000,詰め放題,3000,
2300042050000,詰め放題 ¥5000,詰め放題,5000,
2300042080007,詰め放題 ¥8000,詰め放題,8000,
